"Job Title","Company","Location","Posted Via","Source Site","Date Posted","Job URL","Remote","Salary","Job Type","Description"
"Java springboot engineer Web payment checkout solution","Waya Bank","","","linkedin","N/A","https://www.linkedin.com/jobs/view/4356850353",False,"","N/A","N/A..."
"Senior Full Stack Engineer","Priority Soft","","","linkedin","2026-01-28","https://www.linkedin.com/jobs/view/4356194277",False,"","N/A","N/A..."
"Senior Full-Stack Software Engineer, Applied AI","Jobgether","","","linkedin","2026-01-27","https://www.linkedin.com/jobs/view/4366306838",False,"","N/A","N/A..."
"Senior Full-Stack Software Engineer, CMS","Jobgether","","","linkedin","2026-01-28","https://www.linkedin.com/jobs/view/4366711157",False,"","N/A","N/A..."
"Senior Fullstack Engineer (Remote from Nigeria)","Jobgether","","","linkedin","2026-01-26","https://www.linkedin.com/jobs/view/4366213239",True,"","N/A","N/A..."
"Flutter Mobile App Developer (Fullstack)","Civic Innovation Lab","Abuja, FC, NG","","indeed","2026-01-25","https://ng.indeed.com/viewjob?jk=307011ae01eec212",False,"","temporary, parttime, contract","**Brandz Digital** is a full-service integrated brand storytelling agency in Abuja that harnesses the power of creative media, digital marketing, storytelling, and technology to create memorable digital experiences that support business growth. At Brandz Digital, we strongly believe that every brand has a unique story that can be amplified across the digital space through strategic-driven content that leads to increased brand visibility and conversions.

From mobile app to web design and development, into content strategy and curation, search engine optimization (SEO), digital marketing, Integrated brand campaign development, visual & interactive design, and video productions, we provide end-to-end solutions that give brands a compelling digital presence.'

**Job Brief**

We are looking for a qualified flutter mobile app developer to join our tech and development team. Someone with experience building cross-platform applications **and can integrate AI functionalities** into mobile products. The ideal candidate is not just a coder, but someone who understands user experience and has an innovative mindset for integrating AI tools into an app.

As a Flutter Mobile developer, you’ll collaborate with our internal teams to develop functional mobile applications, while working in a fast-paced environment. Ultimately, your contract will be project-based and you should be able to design and build the next generation of mobile applications.

If you’re passionate about usable everyday tech products, mobile app platforms and translating code into user-friendly apps, we would like to meet you.

**Job Responsibilities**

* Continuously discover, evaluate, and implement new technologies to maximize development efficiency
* Support the entire application lifecycle (concept, design, test, release, and support)
* Integrate AI/ML features (such as GPT APIs, recommendation engines, or vision-based tools)
* Produce fully functional mobile applications writing clean code
* Gather specific requirements and suggest solutions
* Design interfaces to improve user experience
* Liaise with the Product development team to plan new features
* Ensure new and legacy applications meet quality standards
* Research and suggest new mobile products, applications and protocols
* Stay up-to-date with new technology trends

**Job Requirements**

* Minimum of 3years+ proven work experience as a Mobile app developer
* Demonstrable portfolio of released applications on the App Store or the Android market
* In-depth knowledge of; ReactJS, HTML and CSS/SCSS, Node.js/Express TypeScript, PostgreSQL Database, Laravel
* Experience deploying applications on AWS, Digital Ocean & OVH
* Solid understanding of REST APIs, Firebase, and backend integration.
* Experience working with AI tools such as OpenAI API, TensorFlow Lite, Dialogflow, or similar.
* Experience with third-party libraries and APIs
* Familiarity with OOP design principles
* Excellent analytical skills with a good problem-solving attitude
* Ability to perform in a team environment
* Ability to meet up with strict deadlines
* BSc degree in Computer Science, Computer Engineering, Systems Engineering or relevant field
* Additional knowledge of Artificial Intelligence might give you an added advantage.

If you feel you are the right candidate for this role, send your CV, Cover Letter and links to your app portfolio to careers@brandz.digital

Job Types: Part-time, Temporary, Contract  
Contract length: 3 months

Pay: ₦250,000.00 - ₦350,000.00 per month

Application Question(s):

* Add Portfolio..."
"Frontend Developer","Walex Biz Group","Abuja, FC, NG","","indeed","2026-01-27","https://ng.indeed.com/viewjob?jk=8f9dcbb70a3c5c2d",False,"","contract","### **Job summary**

We are seeking a Front End Developer. You'll design and implement responsive user interfaces, collaborating with cross-functional teams to enhance user experiences. Proficiency in HTML, CSS, and JavaScript frameworks is required.

Min Qualification: HND Experience Level: Entry level Experience Length: 2 years

### **Job descriptions & requirements**

**Responsibilities:**

  

* Determining the structure and design of web pages.
* Ensuring user experience determines design choices.
* Developing features to enhance the user experience.
* Striking a balance between functional and aesthetic design.
* Actively participate in the overall application lifecycle.
* Focus on coding and debugging.
* Collaborate with front-end developers.
* Define and communicate technical and design requirements.
* Build a high-quality reusable code that can be used in the future.
* Create sustainable and functional web applications with clean code.
* Learn about new technologies and stay up-to-date with current best practices.
* Conduct UI tests and optimize performance.
* Train, help, and support other team members.
* Ensuring web design is optimized for smartphones.
* Building reusable code for future use.
* Optimizing web pages for maximum speed and scalability.
* Utilizing a variety of markup languages to write web pages.
* Maintaining brand consistency throughout the design.

  

**Requirements:**

* Must have a minimum of 2-3 years experience
* Proficiency in HTML, CSS, and JavaScript.
* Knowledge of React.js, Next.js, Tailwind CSS, and React Native is an advantage.
* Strong understanding of the web development cycle and programming techniques
* Must be available for the on-site job.
* Must be an excellent team player.
* Must reside in Abuja...."
"Full Stack Developer","Casalavoro","Abuja, FC, NG","","indeed","2026-01-23","https://ng.indeed.com/viewjob?jk=73e193cdfb4c6b4c",False,"","fulltime","### **Job summary**

The Full Stack Developer will be responsible for automating Casalavoro’s operations and developing scalable web and mobile applications that support hospitality, real estate, finance management, and commodities businesses. The role focuses on building smart, efficient, and secure digital systems that enhance service delivery, internal controls, and user experience.

Min Qualification: Degree Experience Level: Entry level Experience Length: 2 years

### **Job descriptions & requirements**

**Responsibilities:**

  

* Design and implement automated management systems (check-in/check-out, access control, utilities monitoring, maintenance requests, housekeeping schedules).
* Develop dashboards for real-time monitoring of operations.
* Integrate smart solutions (IoT-ready systems where applicable) for improved operational efficiency.
* Develop and maintain web applications for internal and customer-facing use.
* Build applications for bookings, payments, complaints, inventory tracking, and service requests.
* Ensure applications are scalable, secure, and user-friendly.
* Build responsive interfaces using modern frameworks (React, Vue, Angular).
* Translate UI/UX designs into high-quality user experiences.
* Ensure cross-platform and cross-device compatibility.
* Develop robust APIs and server-side logic.
* Manage databases and ensure data integrity, security, and performance.
* Implement authentication, authorization, and role-based access controls.
* Integrate apps with internal systems (HR, finance, inventory, procurement).
* Automate operational workflows to reduce manual processes.
* Ensure seamless data flow across departments.
* Perform unit testing, debugging, and system optimization.
* Deploy applications and manage updates and patches.
* Monitor system performance and resolve technical issues promptly.
* Document system architecture, workflows, and APIs.
* Collaborate with operations, real estate, residence, and hospitality teams.
* Train internal users on deployed systems where required.

  

**Requirements:**

* Bachelor's degree in Computer Science, Software Engineering, or a related field.
* Minimum of 2–5 years of experience in full-stack development.
* Proven experience in automation systems and app development is mandatory.
* Experience in hospitality, real estate, and financial systems is an added advantage.
* Strong proficiency in HTML, CSS, and JavaScript.
* Experience with front-end frameworks (React, Angular, or Vue).
* Back-end development using Node.js, Python, PHP, or Java.
* App development experience (Flutter, React Native).
* Database management (MySQL, PostgreSQL, MongoDB).
* Cloud deployment experience (AWS, Azure, or GCP).
* API development and integration experience.
* Strong problem-solving and analytical skills.
* High level of discipline, confidentiality, and accountability.
* Ability to work independently and across multiple business units.
* Excellent communication and documentation skills...."
"Mobile Front-End UI/UX Designer","EmpowerHer Tech Foundation","Abuja, FC, NG","","indeed","2026-01-29","https://ng.indeed.com/viewjob?jk=ad1c48b81a6b48c8",False,"","fulltime","Job Summary

The Mobile Front-End UI/UX Designer will be responsible for designing intuitive, visually appealing, and user-centered mobile application interfaces. The role focuses on creating seamless user experiences, translating product requirements into functional designs, and collaborating closely with developers to ensure accurate implementation across Android and iOS platforms.

**Key Responsibilities**

* Design user-friendly mobile app interfaces with a strong focus on usability and aesthetics.
* Create wireframes, user flows, mockups, and interactive prototypes.
* Conduct user research and usability testing to inform design decisions.
* Translate product requirements into intuitive UI/UX solutions.
* Collaborate with mobile developers to ensure pixel-perfect implementation.
* Maintain and evolve the mobile design system and UI components library.
* Ensure consistency of branding, colors, typography, and interaction patterns.
* Optimize designs for performance, accessibility, and responsiveness.
* Iterate designs based on user feedback, analytics, and business goals.
* Stay updated on mobile design trends and platform guidelines (iOS & Android).

**Selection Criteria**

* 2–5 years experience in mobile UI/UX design.
* Strong portfolio showcasing mobile app designs.
* Proficiency in Figma, Adobe XD, Sketch, or similar tools.
* Solid understanding of iOS Human Interface Guidelines and Material Design.
* Experience working with developers on production apps.
* Knowledge of UX research, usability testing, and design thinking.
* Strong attention to detail and visual storytelling skills.
* B.Sc/HND in Design, Computer Science, or related field

Job Type: Full-time

Pay: ₦300,000.00 - ₦350,000.00 per month..."
"Volunteer Flutter Mobile App Developer","Nurri AI","Ibadan, Oyo State, Nigeria","","linkedin","N/A","https://www.linkedin.com/jobs/view/4356840183",False,"","N/A","N/A..."
"JUNIOR WEB/MOBILE DEVELOPER","GN128 Solutions","Ikeja, LA, NG","","indeed","2026-01-26","https://ng.indeed.com/viewjob?jk=032f165e61298302",False,"","fulltime","JUNIOR WEB/MOBILE DEVELOPER

Company Description

We are a business based in Ikeja currently seeking a motivated and detail-oriented Junior Web/Mobile Developer to join our team. This entry-level role is ideal for someone who is passionate about web & mobile technologies, eager to learn, and ready to grow their skills in front-end and back-end development. You will work closely with senior developers and designers to build, maintain, and improve web applications that deliver excellent user experiences.

You will be required to work from our office in Ikeja Mon - Fri.

Role Description

This is a full-time on-site role for a Junior Web/Mobile Developer with both front-end and back-end skills to work from our offices in Ikeja. The post holder will be expected to be a quick learner to get up to speed working with the development team to develop both front-end and back-end functionalities of our tech products and supporting our applications.

Location: Ikeja, Lagos - Nigeria

Core Responsibilities and Duties

* Assist in developing and maintaining web and mobile applications
* Work with senior developers to implement new features and fix bugs
* Build responsive user interfaces for web and mobile
* Integrate APIs and backend services
* Participate in code reviews and team discussions
* Learn and apply best practices in software development
* Deploying websites into production
* CPanel Administration
* SSL Implementation & Website Security
* Optimizing developed features for maximum speed and scalability;
* Writing clean, readable, and testable code;
* Test, debug, and optimize applications for performance and usability
* Meet team deadlines;

Job Requirements

* Excellent Understanding web development life cycle;
* Experience with UI/UX Design;
* Excellent knowledge of REACT, HTML, CSS, Java and web development tools;
* Core working knowledge of PHP and LARAVEL;
* Database Design & Development, MYSQL/MSSQL;
* Search Engine Optimization;
* Ability to learn new concepts quickly.
* Flexible approach, self-motivated and organised;

Person Specification

* Good interpersonal skills, able to communicate in a friendly, open and constructive manner;
* Able to work on own initiative with minimal supervision;
* Ability to pay attention to details & produce work of a high standard;
* Ability to work as a team player with the team;
* Willingness and ability to learn & understand new concepts quickly;
* Passion for building software and improving skills
* Flexible approach, self-motivated and organised

Experience:

* Minimum of 12 months professional experience
* Flexible work approach, self-motivated and organised

Salary

* Range N 180,000.00 - N 250,000.00

Note

Only candidates that live in Lagos and within 30mins commuting of Ikeja would be considered

How to Apply:

Interested and qualified candidates should send their CV to recruit@gn128.com

Job Type: Full-time

Pay: ₦180,000.00 - ₦250,000.00 per month..."
"FULLSTACK DEVELOPER [PHP LARAVEL / REACT JS] PWA","UNIQUECRYPTO GROUP","Kaduna, Kaduna State, Nigeria","","linkedin","N/A","https://www.linkedin.com/jobs/view/4356629839",False,"","N/A","N/A..."
"Frontend & Mobile Developer","Mactavis Technologies Ltd.","Lagos, LA, NG","","indeed","2026-01-30","https://ng.indeed.com/viewjob?jk=a62bb8b18f24cc6e",True,"","fulltime","We’re looking for a skilled and motivated **Frontend & Mobile Developer** to join our team. You’ll be responsible for building and maintaining mobile and web applications that are efficient, user-friendly, and visually appealing. This role requires someone who is confident in working with React, React Native, JavaScript, and modern frontend technologies, and who enjoys solving real problems through clean, well-structured code. You’ll work closely with other developers, designers, and product managers throughout the development process, from ideation to deployment.

Employment Type: Full Time (Remote)

Experience Level: Intermediate

**Job Description/Requirements**

Responsibilities:

* Build and maintain high-quality mobile and web applications
* Collaborate with team members to define and implement features
* Write clean, efficient, and reusable code based on provided specifications
* Ensure applications perform well across devices and platforms
* Identify and fix bugs, performance issues, and usability problems
* Stay informed about industry trends and new technologies
* Integrate APIs and third-party services
* Create technical documentation for features and components
* Participate in team stand-ups and code reviews
* Provide guidance and mentorship to junior developers when required

Requirements:

* 3+ years of experience as a mobile and/or frontend developer
* Strong knowledge of JavaScript and React Native
* Experience working with React, Next.js, Nuxt.js, and similar frontend frameworks
* Solid understanding of HTML, CSS, and responsive design
* At least 2–3 published mobile apps (live on App Store or Google Play)
* Experience consuming and integrating REST APIs
* Familiarity with Git for version control
* Good problem-solving and debugging skills
* Strong attention to detail and ability to follow design specifications
* Comfortable working in a collaborative, remote team environment

Job Type: Full-time

Pay: ₦300,000.00 - ₦350,000.00 per month..."
"Frontend Developer","Reposebay Human Resource Limited","Lagos, LA, NG","","indeed","2026-01-30","https://ng.indeed.com/viewjob?jk=79046da2e46aa191",True,"","fulltime","Human Resource Limited offers HR consulting and career development services through a robust technology web application that is powered by Artificial intelligence (AI). This solution has helped prepare young graduates for the world of work and has helped MSMEs afford professional HR consultants to provide services in workforce management, employee engagement, retention, standard operating procedures, and workplace policies. Our all-inclusive solution has also helped job seekers get the right employment and business owners get the best out of their employees.

We are recruiting to fill the position below:

**Job Position: Frontend Developer**

**Job Location:** Lagos (Remote)  
Employment Type: Full-time

  

**Position Summary**

* We are seeking a passionate Frontend Developer to create seamless, engaging, and accessible user experiences across web and mobile platforms.
* You will translate designs into high-quality, responsive interfaces and collaborate with designers, backend developers, and product teams to deliver features on time and to a high standard.

**Key Responsibilities**

* Creating seamless and engaging user experiences across web and mobile platforms.
* Building responsive, accessible, and visually appealing interfaces using HTML, CSS / Tailwind CSS, JavaScript, TypeScript, React, Next.js, and React Native.
* Consuming and integrating RESTful APIs to enable smooth interaction between frontend interfaces and backend services.
* Developing, maintaining, and improving the user interface (UI) for both new and existing applications.
* Translating UI/UX designs into functional, high-quality components for web and mobile applications.
* Ensuring cross-browser and cross-device compatibility by building tools and components that enhance overall interaction and performance.
* Managing and optimizing the frontend development workflow, including version control, code organization, and build processes.
* Implementing SEO best practices to enhance discoverability and user engagement.
* Identifying, debugging, and resolving UI-related issues while ensuring product usability and quality.
* Maintaining, enhancing, and designing user-friendly interfaces for all Reposebay products to ensure consistency and a positive user experience.
* Collaborating with designers, backend developers, and product teams to ensure thetimely delivery of high-quality features.
* Any other duties assigned by management.

**Qualifications**

* Bachelor’s degree in Computer Science, Engineering, Design + Tech, or a related field (or equivalent practical experience).
* 3+ years of frontend development experience in web and/or mobile environments.
* Proficiency with HTML5, CSS3 (Tailwind CSS preferred), JavaScript/TypeScript, and modern frameworks (React, Next.js, React Native).
* Experience consuming RESTful APIs and integrating with backend services.
* Familiarity with state management (e.g., Redux, Zustand) and component-driven development.
* Knowledge of responsive design, accessibility (WCAG), and cross-browser compatibility.
* Strong debugging and problem-solving skills; excellent attention to detail.
* Familiar with version control (Git) and modern collaboration workflows.
* Comfort with build tools and modern frontend tooling (webpack, Vite, Babel, ESLint, Prettier).

Preferred Qualifications:

* Experience with server-side rendering (Next.js) and static site generation.
* Exposure to testing frameworks (Jest, React Testing Library) and end-to-end testing (Cypress).
* Experience with mobile optimization and React Native deployment.
* Familiarity with design systems, UI component libraries, and scalable UI architecture.
* Knowledge of SEO considerations for modern SPAs and performance budgeting.
* Experience contributing to open-source projects or design-system governance.

Competencies:

* UX-minded: strong sense of aesthetics and usability.
* Collaborative: effective communication with cross-functional teams.
* Proactive: ownership of code quality, performance, and deliverables.
* Adaptable: comfortable in a fast-paced, iterative environment.
* Detail-oriented: thorough in testing and accessibility.

**Salary Range**  
Negotiable

**Method of Application**  
Interested and qualified candidates should send their updated CV to: **celestina@reposebayhr.com** using the Job Position as the subject of the email**.**

**Note:** Only qualified candidates will be contacted...."
"Full Stack Developer","PORTREC RESOURCING","Lagos, LA, NG","","indeed","2026-01-29","https://ng.indeed.com/viewjob?jk=cf1f2b42d6a49209",False,"","fulltime","### **Job summary**

A reputable consulting firm based in the heart of Lagos is urgently recruiting for the service of an experienced Full Stack Developer.

Min Qualification: Degree Experience Level: Entry level Experience Length: 2 years

### **Job descriptions & requirements**

**Responsibilities:**

* Developing front-end website architecture.
* Designing user interactions on web pages.
* Developing back-end website applications.
* Creating servers and databases for functionality.
* Ensuring cross-platform optimization for mobile phones.
* Ensuring the responsiveness of applications.
* Working alongside graphic designers for web design features.
* Seeing through a project from conception to finished product.
* Designing and developing APIs.
* Meeting both technical and consumer needs.
* Staying abreast of developments in web applications and programming languages.

  

**Requirements:**

* Degree in computer science or in any relevant field.
* Minimum of 2-3 years' experience
* Strong organizational and project management skills.
* Proficiency with fundamental front-end languages such as HTML, CSS, and JavaScript.
* Familiarity with JavaScript frameworks such as Angular JS, React, and Amber.
* Proficiency with server-side languages such as Python, Ruby, Java, PHP, and Net.
* Familiarity with database technology such as MySQL, Oracle, and MongoDB.
* Excellent written and verbal communication skills.
* Good problem-solving skills.
* Attention to detail.

Javascript css html python PostgreSQL MySQL..."
"Full Stack Engineer","N/A","Lagos, LA, NG","","indeed","2026-01-30","https://ng.indeed.com/viewjob?jk=41bde7a6361ce7d0",True,"","fulltime","E

**Full Stack Engineer**
=======================

**EdimaBenEkpo**
----------------

**Engineering & Technology**
----------------------------

Today

New

Lagos Full Time Confidential

### **Share link**

Share on WhatsApp Share on LinkedIn Share on Facebook Share on Twitter

Share via SMS

Min Qualification:

### **Job descriptions & requirements**

We are looking for a Full-Stack Developer to support, enhance, and scale our e-commerce

digital platform built on CS-Cart, with integrated iOS/Android mobile applications. The ideal

candidate will be hands-on with both backend and frontend technologies, capable of driving

technical initiatives, and collaborating with the team to continuously improve our platform.

**Key Responsibilities**

* Maintain, optimize, and scale the CS-Cart based e-commerce platform.

* Integrate and support mobile applications (iOS/Android) connected to the platform.

* Work with PHP, MySQL, and React Native to deliver robust solutions.

* Quickly learn and adapt to CS-Cart (or other e-commerce platforms) within 5 days if not

already experienced.

* Collaborate with cross-functional teams to identify pain points and propose improvements.

* Drive all technical needs of the platform, ensuring scalability, performance, and security.

* Work effectively under pressure and within sprint timelines.

* Follow software engineering best practices: clean code, documentation, peer reviews, and

adherence to professional ethics.

**Requirements**

* Strong experience with PHP and MySQL.

* Proficiency in React Native for mobile app development.

* Prior experience with CS-Cart or willingness to learn quickly (within 5 days).

* Familiarity with other e-commerce platforms (Magento, Shopify, WooCommerce, etc.) is an

advantage.

* Ability to work in a hybrid environment (onsite + remote).

* Strong problem-solving skills and ability to work under pressure.

* Excellent communication skills and willingness to contribute suggestions for improvement.

* Commitment to software engineering standards and professional work ethics.

**Work Arrangement**

* Hybrid model: Combination of onsite and remote work.

* Flexibility based on project needs and performance.

**What We Value**

* Initiative and ownership of technical challenges.

* Team collaboration and open communication.

* Continuous improvement mindset.

* Professional integrity and adherence to best practices.

  

<..."
"Full-Stack Software Developer","Sophia ERP Limited","Lagos, LA, NG","","indeed","2026-01-26","https://ng.indeed.com/viewjob?jk=6b28bb61e6060dc9",False,"","fulltime","### **Job summary**

We are seeking Mid-Level Software Developers (with a minimum of 2 years of post-NYSC experience) to join our growing team and contribute to the design, development, and maintenance of live production systems. The ideal candidate will work closely with cross-functional teams to deliver high-quality, scalable software solutions and play an active role in improving existing applications. This is an on-site position based in mainland Lagos.

Min Qualification: Degree Experience Level: Entry level Experience Length: 2 years

### **Job descriptions & requirements**

**Responsibilities:**

  

* Develop and maintain web & mobile applications using modern technologies.
* Build responsive user interfaces.
* Implement APIs and backend logic.
* Work with relational databases to store and retrieve application data.
* Integrate frontend components with backend services.
* Debug issues, fix bugs, and improve application performance.
* Follow best practices in writing clean, readable, and maintainable code.
* Collaborate with team members and participate in code reviews.
* Learn and adapt to new tools, technologies, and development standards.
* Documentation, Training, and Project Presentation.

  

**Requirements:**

* Minimum of 2 years of post-NYSC experience working on live or production projects.
* Strong knowledge in HTML, CSS, jQuery, and React JS.
* Familiarity with API development, VB.NET, C#, and .NET Core.
* Working knowledge of SQL and relational databases (MS SQL Server preferred).
* Knowledge of Git or other version control systems.
* Exposure to real-world application deployment or maintenance.
* Ability to follow requirements and implement features with guidance.
* Willingness to work on-site in Lagos.
* Strong willingness to learn and grow as a developer...."
"Intermediate Flutter Developer","ConnectNigeria","Lagos, LA, NG","","indeed","2026-01-28","https://ng.indeed.com/viewjob?jk=8c4fbf15e1851137",False,"","fulltime","**Job Summary:**

The Intermediate Flutter Developer is responsible for building, improving, and maintaining mobile applications using Flutter for Android and iOS.

**Key Responsibilities:**

* Develop and maintain Flutter mobile applications.
* Work with designers and backend developers to build features.
* Fix bugs and improve app performance.
* Test and deploy updates.
* Ensure clean, scalable, and maintainable code.

**Qualifications:**

* Bachelor’s degree in Computer Science or related field.
* 2–4 years of experience in mobile app development.
* Strong experience with Flutter and Dart.
* Experience integrating APIs and backend services.

**Preferred Skills:**

* Experience with Firebase or REST APIs.
* Knowledge of Git and version control.
* UI/UX awareness and performance optimisation skills.

Job Type: Full-time..."
"Junior Mobile Application Developer","Dufil Prima Foods Plc","Lagos, LA, NG","","indeed","2026-01-29","https://ng.indeed.com/viewjob?jk=053c2e8c298f3239",False,"","fulltime","### **Job summary**

We are seeking suitably qualified professionals to join our growing team as Junior Mobile Application Developer (React Native). The successful candidates will demonstrate strong technical capabilities in developing scalable, high-performance digital solutions and the ability to work collaboratively across teams to deliver quality outcomes.

Min Qualification: Degree Experience Level: Entry level Experience Length: 2 years Working Hours: Full Time

### **Job descriptions & requirements**

**Responsibilities:**

* Develop and maintain mobile applications that run smoothly across multiple platforms.
* Work closely with designers to ensure usability, performance, and visual consistency.
* Integrate backend services and APIs while maintaining data protection standards.
* Identify and fix bugs, optimize performance, and enhance overall app stability.
* Support automated build, deployment, and cloud integration processes.

**Requirements:**

* Bachelor’s degree or HND in IT, Computer Science, Mobile Development, or related fields.
* At least 2 years of practical experience in mobile app development.
* Proficiency in React Native and modern JavaScript.
* Knowledge of RESTful services, GraphQL, and cloud-based deployments.
* Experience with testing tools, debugging techniques, and CI/CD pipelines.
* Ability to work both independently and collaboratively within project teams.

  

**Location:** Nigeria | Openings: 1..."
"Mobile App Developer","E-HOTELS TRANSIT BNB LIMITED","Lagos, LA, NG","","indeed","2026-01-29","https://ng.indeed.com/viewjob?jk=fcfbd4c376f16a23",False,"","fulltime","### **Job summary**

We are seeking a creative and skilled Mobile App Developer to design, build, and maintain high-quality mobile applications. The ideal candidate will be responsible for developing apps across Android and iOS platforms, ensuring functionality, performance, and user experience. This role requires technical expertise, problem-solving skills, and the ab

Min Qualification: Degree Experience Level: Entry level Experience Length: 2 years Working Hours: Full Time

### **Job descriptions & requirements**

**Responsibilities:**

* Design, develop, and maintain mobile applications for Android and iOS platforms
* Write clean, efficient, and maintainable code using relevant frameworks (Flutter, React Native, Swift, Kotlin, etc.)
* Collaborate with designers and product managers to translate UI/UX designs into functional applications
* Integrate APIs, third-party services, and backend systems
* Test, debug, and optimize applications for performance and scalability
* Ensure apps comply with security and data protection standards
* Publish applications to Google Play Store and Apple App Store
* Stay updated with emerging mobile technologies and industry trends
* Provide ongoing support and updates for existing applications
* Work closely with QA teams to ensure high-quality deliverables

  

**Requirements:**

* Bachelor’s degree in Computer Science Engineering or related field (preferred)
* Proven experience as a Mobile App Developer or in a similar role
* Strong knowledge of mobile frameworks (Flutter React Native, Swift, Kotlin, or Xamarin)
* Experience with RESTful APIs and backend integration
* Familiarity with version control systems (Git)
* Understanding of mobile UI/UX principles
* Strong problem-solving and analytical skills
* Ability to work independently and in a team environment..."
"React App Developer - Lagos","Synkd.life","Lagos, LA, NG","","indeed","2026-01-25","https://ng.indeed.com/viewjob?jk=9a4c4548aec6dd4b",True,"","contract","Synkd, is a leading platform that looks to help with work life balance and upskill users digitally via a single platform.

Originally a marketing platform (marketing.synkd.life) where customers can run cross channel campaigns, we have recently shifted to help users and companies digitally transform. Synkd counts over 4500 premium publishers, Global advertisers and their agencies as customers.

We are looking to hire a **REACT Native Developer** to work on rolling **SOW/projects** and help improve the platform. This is NOT a weekly assignment

This is 100% remote role and using one of our company development machines via **anydesk**. You will not get repo or be able to download/copy code.

If this is not for you, please do not apply

**Key responsibilities:**

* Test phase: get old App working and introduce/update API
* Upgrade the App and future proof UI
* Add more native features

**Desired skills and experience (MUST be available Full Time for one month)**

* 5 years native app development for iOS an Android. iOS Watch experience a bonus
* 2 years React, Angular, Typescript, bootstrap experience
* Backend use of GraphQL with a Prisma Schema and Node.JS
* Database experience of Mongo DB and PostGreSQL
* Clear communicator and excellent English
* Works well in a team but also comfortable using own initiative
* Resilient and able to function under pressure and deliver high standards under tight deadlines

Job Type: Contract

Pay: ₦150,000.00 per week

Experience:

* graphql: 3 years (Preferred)
* React Native: 3 years (Preferred)
* integrated native modules (Java/Swift/Objective-C): 3 years (Preferred)
* written custom native code (Java/Swift/Objective-C): 3 years (Preferred)
* State management (Redux, Zustand, Recoil, Context API): 3 years (Preferred)..."
"SENIOR FLUTTER / MOBILE DEVELOPER","BEDEOBAS AGRICULTURAL MKT VHUB","Lagos, LA, NG","","indeed","2026-01-28","https://ng.indeed.com/viewjob?jk=6520ce5d4d6fb061",False,"","parttime","We are looking for a **Senior flutter / mobile Developer.**

This is a long term opportunity which would require you to work on various flutter apps that we want to develop mainly for Android.

We already have a number of apps in very early development that you would need to pick up and develop further.

Apps we have are related to an authenticator, communication app, time tracking, voice “wake up”, and some other smaller apps.

**Important**: To **qualify** please **fill in the form** that is available at the bottom of this job spec. Candidates who don’t feel in the form will not be considered for the role.

What is the minimum **requirement**?

We specify minimum requirements which means you must satisfy the criteria in order to be considered for the role. Please do not apply if you don’t meet the minimum requirements.

**Minimum requirements:**

● Senior flutter Developer

● SQL Server

● Version control with Git

● APIs

● Knowledge of best practices and standards.

● Excellent English

What are **preferred requirements**?

We specify preferred requirements which are not mandatory for the role but satisfying them will provide you a greater chance to be considered for this role.

Preferred Requirements:

● Working with different time zones

● Voice recognition / Wake Word

● AI APIs

● Usability

To **apply for this** role **you must fill in this form (link below):**

https://forms.gle/68WJwFVQyC8dvPrN6

Job Type: Part-time

Pay: ₦2,000.00 per hour

Expected hours: 5 – 10 per week

Application Question(s):

* HAVE YOU FILLED THE FORM ATTATCHED?..."
"Senior Mobile React Developer","Epevs Studio Nigeria Ltd.","Lagos, LA, NG","","indeed","2026-01-28","https://ng.indeed.com/viewjob?jk=8fef47f1b5ae2432",False,"","fulltime","Job Title: Senior Mobile React Developer

Location: Lagos, Nigeria(Hybrid)

Employment Type: Full-Time

**About Us**

**Epevs Studio Nigeria Limited** is a forward-thinking technology company committed to delivering innovative and user-centric digital solutions. We specialize in mobile app development, aiming to improve lives through seamless technology.

**SimpliRide** is a fast-growing ride-hailing company committed to transforming urban mobility across Nigeria. Our mission is to provide safe, reliable, and affordable transportation solutions that seamlessly connect riders and drivers through intuitive mobile technology. We believe in making everyday travel simpler and more accessible, while supporting drivers with tools that enhance their productivity and earnings.

As a subsidiary of **Epevs Studio Nigeria Limited**, SimpliRide benefits from a strong foundation in innovative software development and product excellence. We're building a mobility platform that doesn’t just move people, it moves communities forward.

As we scale, we are looking to expand our team with a **Senior Mobile React Developer** who is passionate about software quality, experienced in building robust testing frameworks, and committed to ensuring exceptional user experiences across our platforms.

**Job Summary**

As a **Senior Mobile (React Native) Developer**, you will play a critical role in designing, building, and scaling SimpliRide’s mobile applications that power both **customer and driver experiences**. You will lead the development of high-quality, performant, and scalable mobile solutions using **React Native**, ensuring seamless functionality across **iOS and Android** platforms.

In this role, you will collaborate closely with the **product manager, designers, and backend engineers** to translate business and user requirements into intuitive, reliable, and high-performing mobile applications. Beyond hands-on development, you will provide **technical leadership**, contribute to architectural decisions, mentor junior developers, and champion best practices across the mobile development lifecycle.

This role goes beyond writing code, it is about **owning mobile product quality, performance, and evolution**, and shaping how SimpliRide’s mobile platforms are built and improved over time.

**Key Responsibilities**

As a Senior Mobile (React Native) Developer, you will:

* Design, build, and maintain **robust, scalable React Native applications** for iOS and Android.
* Architect clean, reusable, and maintainable codebases aligned with industry best practices.
* Develop **high-quality, responsive, and user-friendly interfaces** using React Native components and styling systems.
* Ensure **pixel-perfect implementation** of designs in line with UI/UX specifications and brand guidelines.
* Optimize application performance, responsiveness, stability, and scalability.
* Collaborate cross-functionally with **product, design, and backend teams** to deliver user-centric solutions.
* Integrate and troubleshoot APIs, third-party services, and native modules where required.
* Conduct code reviews and provide technical guidance to maintain high engineering standards.
* Write and maintain **technical documentation**, implementation guides, and feature specifications.
* Build prototypes or proof-of-concepts to validate new product ideas and features.
* Support testing, deployment, and release processes for App Store and Google Play.
* Maintain, refactor, and continuously improve existing mobile applications.
* Stay up-to-date with emerging mobile technologies, frameworks, and best practices.

**Requirements**  
**Core Requirements**

* 5+ years of professional experience in **mobile application development**, with strong hands-on experience in **React Native**.
* Strong proficiency in **JavaScript**; **TypeScript experience is highly preferred**.
* Solid understanding of the **mobile application development lifecycle**, from design and development to testing, deployment, and publishing.
* Experience with **mobile testing and debugging tools** (e.g., Jest, Detox, Xcode, Android Studio).
* Strong knowledge of **UI/UX principles**, mobile layout aesthetics, and accessibility considerations.
* Experience integrating **RESTful APIs and/or GraphQL** with backend services.
* Familiarity with **native modules**, third-party SDKs, and platform-specific integrations (iOS/Android).
* Proficiency with **Git** and experience working with **CI/CD pipelines** for mobile applications.
* Strong problem-solving skills with the ability to debug complex issues efficiently.
* Ability to work effectively in a **fast-paced, agile environment**.

**Preferred / Nice-to-Have**

* Prior experience working on **consumer-facing or marketplace apps** (ride-hailing, logistics, fintech, etc.).
* Experience with performance monitoring, crash reporting, and analytics tools.
* Knowledge of app security best practices.
* BSc in Computer Science, Engineering, or a related discipline (or equivalent practical experience).

**What We Offer**

* Competitive salary and benefits package.
* Flexible work arrangements subject to operational need.
* Opportunity to work on exciting and impactful projects with a talented team.
* Professional development support, including training and certifications.

If you’re ready to make an impact and advance your career in a collaborative and fast-paced environment, apply today!

How to Apply

Please send your resume and a brief cover letter to careers@simpliride.com or apply through our careers page.

Job Types: Full-time, Permanent..."
"UI/UX Designer","Tezza Business Solutions Ltd","Lagos, LA, NG","","indeed","2026-01-29","https://ng.indeed.com/viewjob?jk=328b6864124ee79a",True,"","N/A","Tezza Business Solutions Limited is a leading Software Quality Assurance and Testing multinational with a regional office in Lagos, Nigeria. We are a Software Quality Assurance and Testing Services provider. Our primary goal is to be the ""go to"" Quality Assurance & Software Testing company in East and West Africa while developing offshore resources to fill test automation positions (and other hard to find software testing capabilities) in the North America and European markets.

We are recruiting to fill the position below:

**Job Position: UI/UX Designer**

**Job Location**: Magodo Phase 1, Lagos  
Reports to: Product Owner  
Job Type: Full-time/Hybrid  
Experience Level: 4 - 6 Years

  

**Position Summary**

* We are seeking an experienced UI/UX Designer to lead the design documentation efforts for the MarketEdge CRM platform.
* This role is critical to bridging the gap between product vision and development execution.
* The ideal candidate excels at creating comprehensive wireframes, detailed design specifications, and interaction documentation that enable developers to build pixel-perfect interfaces without ambiguity.
* You will be responsible for designing all user-facing screens of our B2C CRM platform, creating a robust design system based on Ant Design, and producing documentation that serves as the single source of truth for the development team.
* Your wireframes and specifications will directly guide the Frontend and Full Stack developers in implementing the Customer 360 views, Campaign Management, Segment Builder, and other core CRM modules.

**Project Context**

* MarketEdge CRM is a dual-mode (B2B/B2C) customer relationship management platform built on the IDURAR open-source framework. The platform serves QSR chains, hospitality businesses, and retail clients across West and East Africa, with a particular focus on the Nigerian market. Key features include customer profile management, loyalty program integration (Edge Card with Wema Bank), marketing automation, and omnichannel communication.
* The design system must accommodate users ranging from cashiers at quick-service restaurants to marketing managers running enterprise campaigns, requiring careful attention to role-based interfaces and progressive disclosure of complexity.

**Key Responsibilities**  
Wireframe Development  
Create comprehensive wireframes that serve as the blueprint for all CRM interfaces:  
  
Low-Fidelity Wireframes:

* Develop rapid concept sketches for stakeholder alignment during discovery phases
* Create user flow diagrams mapping complete journeys through the CRM
* Produce information architecture documentation showing screen hierarchy and navigation
* Design content wireframes establishing layout structure before visual design

High-Fidelity Wireframes:

* Build detailed, annotated wireframes for every screen in the CRM application
* Specify exact component placement, spacing, and alignment using the design grid
* Document responsive breakpoints showing mobile, tablet, and desktop variations
* Create interactive prototypes demonstrating user flows and micro-interactions
* Design all screen states: empty, loading, populated, error, success, and edge cases

Key Screens Requiring Wireframes:

* Authentication: Login, password reset, SSO integration, MFA flows
* Dashboard: Role-based dashboards for B2B and B2C modes with KPI cards and visualizations
* Customer Management: Customer list with advanced filters, Customer 360 profile with tabbed sections
* Loyalty Module: Points balance display, tier visualization, redemption history
* Campaign Management: Multi-step campaign wizard, channel selection, content editor, scheduling
* Segment Builder: Visual query constructor with rule groups, operators, and live preview
* Support Ticketing: Ticket list, conversation view, agent assignment, SLA indicators
* Analytics: Interactive dashboards, report builder, data export interfaces
* Settings: User management, role permissions, integration configuration, tenant settings
* Global Components: Navigation, search modal, notification center, user profile menu

Design Documentation:  
Produce thorough documentation that eliminates ambiguity for the development team:  
  
Functional Design Documents (FDDs):

* Write detailed screen-by-screen specifications describing functionality and behavior
* Document all user interactions: clicks, hovers, drags, keyboard shortcuts
* Specify form validation rules, error messages, and success confirmations
* Define data display rules: formatting, truncation, sorting defaults, empty states
* Create decision trees for conditional UI logic based on user roles or data states

Visual Specifications:

* Provide exact measurements: margins, padding, component dimensions in pixels
* Specify typography: font family, size, weight, line height, letter spacing
* Document color usage: hex codes, usage contexts, accessibility contrast ratios
* Detail iconography: icon names, sizes, stroke weights, color variations
* Define shadow, border, and radius values for all component variants

Interaction Specifications:

* Document animation parameters: duration, easing functions, trigger conditions
* Specify transition behaviors between screens and states
* Define loading patterns: skeleton screens, spinners, progress indicators
* Detail feedback mechanisms: toasts, modals, inline messages
* Create micro-interaction specifications for buttons, toggles, and form elements

Developer Handoff Documentation:

* Prepare Figma files with proper layer naming, component organization, and auto-layout
* Generate design tokens exportable to CSS/SCSS variables
* Write implementation notes for complex components and edge cases
* Create component API documentation specifying props and variants
* Maintain a living changelog tracking design updates and their rationale

Design System Development  
Build and maintain a comprehensive design system based on Ant Design:  
  
Component Library:

* Customize Ant Design components to match MarketEdge brand identity
* Design custom components not available in Ant Design: segment builder, journey canvas, loyalty widgets
* Create component variants for all states: default, hover, active, disabled, focused, error
* Document component usage guidelines with do&#x2019;s and don&#x2019;ts
* Build a Figma component library mirroring the React implementation

Design Tokens

* Define color palette: primary (#1E3A5F navy), secondary (#0D9488 teal), semantic colors
* Establish typography scale: headings, body text, labels, captions
* Create spacing system: consistent margin and padding increments
* Document elevation system: shadow definitions for layered UI
* Define border radius tokens for consistent roundedness

Pattern Library:

* Design reusable patterns: data tables, filter bars, card layouts, form sections
* Create page templates: list view, detail view, wizard, dashboard
* Document navigation patterns: sidebar, breadcrumbs, tabs, pagination
* Establish feedback patterns: success/error handling, confirmation dialogs
* Define empty state patterns with helpful messaging and CTAs

User Experience Research:  
Inform design decisions with research and validation:

* Conduct stakeholder interviews to understand business requirements and constraints
* Create user personas representing key CRM user types: marketing manager, support agent, admin
* Map user journeys identifying pain points and opportunities
* Perform competitive analysis of CRM platforms: Zoho, HubSpot, Freshworks
* Conduct usability testing on prototypes with representative users
* Gather and synthesize feedback from development team on design feasibility
* Iterate designs based on user feedback and technical constraints

Collaboration and Communication  
Work effectively with cross-functional team members:

* Participate in sprint planning providing design estimates and dependencies
* Present designs in stakeholder reviews explaining rationale and trade-offs
* Conduct design handoff sessions walking developers through specifications
* Respond promptly to developer questions during implementation
* Review implemented designs for accuracy and provide feedback
* Maintain design backlog and prioritize work aligned with development sprints
* Document design decisions in a decision log for future reference

**Required Skills and Qualifications**  
Design Skills (Required):

* 4+ years of experience in UI/UX design for web applications, preferably SaaS or enterprise software
* Expert proficiency in Figma including components, auto-layout, variants, and prototyping
* Strong wireframing skills with ability to rapidly produce low and high-fidelity wireframes
* Experience creating and maintaining design systems at scale
* Deep understanding of responsive design principles and mobile-first methodology
* Proficiency in creating interactive prototypes for user testing and stakeholder review
* Strong visual design skills: typography, color theory, layout, iconography
* Experience with data-heavy interfaces: tables, charts, dashboards, forms

Documentation Skills (Required):

* Excellent written communication for clear, unambiguous design specifications
* Experience writing functional design documents (FDDs) or similar technical documentation
* Ability to create detailed annotations explaining interaction behaviors
* Proficiency in documenting design tokens and component APIs
* Experience with design-to-development handoff workflows
* Strong organizational skills for maintaining large design file structures

Technical Understanding (Required):

* Familiarity with React component architecture and how designs translate to code
* Understanding of Ant Design (or similar component libraries) capabilities and constraints
* Knowledge of CSS concepts: flexbox, grid, responsive breakpoints
* Understanding of frontend performance implications of design decisions
* Familiarity with accessibility standards (WCAG 2.1) and inclusive design
* Basic understanding of REST APIs and how data flows between frontend and backend

Domain Knowledge (Preferred)

* Experience designing CRM, ERP, or enterprise SaaS applications
* Understanding of B2C customer lifecycle: acquisition, engagement, retention
* Familiarity with marketing automation workflows and campaign management
* Knowledge of loyalty program mechanics: points, tiers, rewards
* Experience with multi-tenant application design
* Understanding of Nigerian/African business context and user expectations

Tools Proficiency:

* Primary: Figma (required &#x2013; advanced proficiency)
* Prototyping: Figma prototyping, Principle, or ProtoPie
* User flows: FigJam, Miro, or Lucidchart
* Documentation: Notion, Confluence, or Google Docs
* Version control: Familiarity with Git workflows for design file management
* Communication: Slack, Zoom for remote collaboration

Soft Skills:

* Exceptional attention to detail in both visual design and documentation
* Strong communication skills for presenting designs and receiving feedback
* Ability to work independently and manage multiple design workstreams
* Collaborative mindset with patience for iterative feedback cycles
* Problem-solving approach balancing user needs with technical constraints
* Comfortable working in a fast-paced, agile environment
* Proactive communication about blockers, dependencies, and timeline risks...."
"Web & App Design","ShoreQuips","Lagos, LA, NG","","indeed","2026-01-29","https://ng.indeed.com/viewjob?jk=6b99546c87456fa5",False,"","contract","We are seeking a skilled Web & App Developer to design, develop, and maintain responsive websites and mobile applications. The ideal candidate is passionate about building high-quality digital products, writes clean and efficient code, and can work across web and mobile platforms to deliver seamless user experiences.

Key Responsibilities

* Develop and maintain websites and web applications using modern technologies
* Design and build mobile applications for iOS and/or Android platforms
* Write clean, scalable, and well-documented code
* Collaborate with designers, product managers, and other developers
* Ensure applications are responsive, user-friendly, and optimized for performance
* Troubleshoot, debug, and enhance existing web and mobile applications
* Integrate APIs, databases, and third-party services
* Stay updated with the latest web and mobile development trends

Required Skills & Qualifications

* Proven experience as a Web Developer, App Developer, or similar role
* Strong knowledge of HTML, CSS, and JavaScript
* Experience with front-end frameworks (React, Vue, Angular, etc.)
* Experience with mobile app development (React Native, Flutter, Swift, Kotlin, or similar)
* Familiarity with back-end technologies (Node.js, PHP, Python, etc.)
* Experience with version control systems (Git)
* Understanding of responsive design and cross-platform compatibility
* Strong problem-solving and communication skills

Preferred Qualifications

* Experience with databases (MySQL, PostgreSQL, MongoDB, etc.)
* Knowledge of app store deployment (Apple App Store, Google Play Store)
* Familiarity with cloud services and hosting platforms
* Understanding of UI/UX best practices
* Bachelor’s degree in Computer Science or related field (or equivalent experience)

What We Offer

* Competitive salary and benefits
* Flexible work environment
* Opportunities for professional growth and skill development
* Collaborative and innovative team culture

Job Type: Contract  
Contract length: 12 months

Pay: ₦100,000.00 - ₦190,000.00 per month..."
"Backend Developer (Java) at Polaris Digitech Limited","Polaris Digitech Limited","Lagos, Lagos State, Nigeria","","linkedin","2026-01-27","https://www.linkedin.com/jobs/view/4356092994",False,"","N/A","N/A..."
"Frontend Developer (Java) at Polaris Digitech Limited","Polaris Digitech Limited","Lagos, Lagos State, Nigeria","","linkedin","2026-01-27","https://www.linkedin.com/jobs/view/4356123040",False,"","N/A","N/A..."
"Senior Full-Stack Engineer Laravel & React","Renmoney","Lagos, Lagos State, Nigeria","","linkedin","2026-01-26","https://www.linkedin.com/jobs/view/4366200048",False,"","N/A","N/A..."
"Mobile Engineer (React Native)","Plural Health","Lekki, LA, NG","","indeed","2026-01-26","https://ng.indeed.com/viewjob?jk=d780fc6fb50e2eda",False,"","fulltime","**Role Overview**

Plateaumed seeks a highly motivated and experienced Mobile Engineer (React Native) to joinour dynamic team. As a Mobile Developer (React Native) at Plateaumed, you will play a vital role in designing, developing, and maintaining our mobile application built on React Native. Your proficiency in mobile development, React Native, and user interface (UI) design will be essential in delivering a seamless and user-friendly experience to our healthcare professionals and patients.

**Responsibilities**

* Collaborate with the product and development teams to create robust and efficient mobile applications using React Native, ensuring compatibility with both Android and iOS platforms.
* Implement visually appealing and intuitive user interfaces based on design specifications, aiming for a smooth and delightful user experience.
* Collaborate with the backend developers to integrate server-side APIs, and third-party platforms, ensuring data synchronization and seamless functionality.
* Identify and address app performance bottlenecks, memory leaks, and other issues that may impact the mobile application's performance and responsiveness.
* Participate in code reviews to maintain code quality and perform testing, including unit testing, integration testing, and user acceptance testing (UAT).
* React Native is a JavaScript framework, so knowledge of JavaScript is essential.
* Node.js is a JavaScript runtime built on Chrome's V8 JavaScript engine. NPM (Node Package Manager) package management.
* Utilize version control systems (e.g., Git) for code management and maintain clear documentation of the mobile application's architecture and codebase.
* Stay updated with the latest trends and advancements in mobile development, incorporating best practices and innovative solutions to enhance the application's features and performance.
* Develop new user-facing features ensuring a seamless interaction for users and build reusable code and libraries for future use.
* Optimize the application for maximum speed and scalability.
* Implement validation processes for front-end input to ensure data integrity.
* Ensure the technical feasibility of UI/UX designs and implement them effectively.
* Implement automated testing for mobile frontend components, incorporating continuous integration/continuous deployment (CI/CD) pipelines and the building of APKs
* Provide easy-to-read technical documentation for other members of the team.
* Work closely with cross-functional teams, including software developers, to improve development processes, and provide clear and concise documentation for system configurations and changes.

**Qualifications**

* Bachelor's degree in Computer Science, Software Engineering, or related fields (or equivalent work experience).
* Minimum of 4 years of proven experience as a Mobile Developer with a focus on React
* Native, building and deploying mobile applications for Android and iOS platforms.
* Proficiency in JavaScript and related libraries and frameworks (e.g., React.js).
* Strong understanding of mobile UI/UX design principles and best practices.
* Experience with RESTful APIs, backend integration, and asynchronous programming.
* Familiarity with version control systems, such as Git, for collaborative development.
* Knowledge of mobile app testing and debugging tools.
* Excellent problem-solving skills and a keen eye for detail.

Job Type: Full-time..."
"Full-Stack Engineer (Web & APIs)","The Flex","Magama, Niger State, Nigeria","","linkedin","N/A","https://www.linkedin.com/jobs/view/4367307138",False,"","N/A","N/A..."
"Lead Full-Stack Engineer","The Flex","Magama, Niger State, Nigeria","","linkedin","N/A","https://www.linkedin.com/jobs/view/4367196576",False,"","N/A","N/A..."
